{"cameraMode":{"drawMode":0,"name":"Shaded","section":"Shading Mode"},"sceneLighting":true,"audioPlay":false,"sceneViewState":{"showFog":false,"showMaterialUpdate":false,"showSkybox":false,"showFlares":false,"showImageEffects":false,"showParticleSystems":false},"in2DMode":false,"pivot":{"x":4.259114742279053,"y":-1.6514630317687989,"z":0.4469795227050781},"rotation":{"x":-0.21196724474430085,"y":-0.45170333981513979,"z":0.11140700429677963,"w":-0.8594363927841187},"size":10.0,"orthographic":false}