{"cameraMode":{"drawMode":0,"name":"Shaded","section":"Shading Mode"},"sceneLighting":false,"audioPlay":false,"sceneViewState":{"showFog":true,"showMaterialUpdate":false,"showSkybox":false,"showFlares":true,"showImageEffects":true,"showParticleSystems":true},"in2DMode":false,"pivot":{"x":-0.6187753677368164,"y":1.930776834487915,"z":7.588891983032227},"rotation":{"x":0.15941470861434937,"y":-0.2764105498790741,"z":0.04646920785307884,"w":0.9466842412948608},"size":4.99582052230835,"orthographic":false}