{"cameraMode":{"drawMode":0,"name":"Shaded","section":"Shading Mode"},"sceneLighting":true,"audioPlay":false,"sceneViewState":{"showFog":true,"showMaterialUpdate":false,"showSkybox":true,"showFlares":true,"showImageEffects":true,"showParticleSystems":true},"in2DMode":false,"pivot":{"x":20.030044555664064,"y":5.093633651733398,"z":22.622840881347658},"rotation":{"x":-0.12838423252105714,"y":0.7511618733406067,"z":-0.1532924324274063,"w":-0.6291066408157349},"size":6.664283752441406,"orthographic":false}