{"cameraMode":{"drawMode":0,"name":"Shaded","section":"Shading Mode"},"sceneLighting":true,"audioPlay":false,"sceneViewState":{"showFog":true,"showMaterialUpdate":false,"showSkybox":true,"showFlares":true,"showImageEffects":true,"showParticleSystems":true},"in2DMode":false,"pivot":{"x":-0.6189255714416504,"y":-28.253543853759767,"z":96.7585678100586},"rotation":{"x":-0.17633365094661714,"y":-0.02691418118774891,"z":0.0048192706890404228,"w":-0.9840725064277649},"size":105.3863754272461,"orthographic":false}