{"cameraMode":{"drawMode":0,"name":"Shaded","section":"Shading Mode"},"sceneLighting":false,"audioPlay":false,"sceneViewState":{"showFog":true,"showMaterialUpdate":false,"showSkybox":false,"showFlares":true,"showImageEffects":true,"showParticleSystems":true},"in2DMode":false,"pivot":{"x":-4.470518589019775,"y":1.2995678186416627,"z":7.533051013946533},"rotation":{"x":-0.2451973706483841,"y":-0.027036916464567186,"z":0.006882424931973219,"w":-0.9691391587257385},"size":3.1726295948028566,"orthographic":false}