{"cameraMode":{"drawMode":0,"name":"Shaded","section":"Shading Mode"},"sceneLighting":true,"audioPlay":false,"sceneViewState":{"showFog":true,"showMaterialUpdate":false,"showSkybox":true,"showFlares":true,"showImageEffects":true,"showParticleSystems":true},"in2DMode":false,"pivot":{"x":-0.6800000071525574,"y":1.2100000381469727,"z":4.221216201782227},"rotation":{"x":-0.08245990425348282,"y":0.07824716717004776,"z":-0.006494441535323858,"w":-0.9934977889060974},"size":1.3587357997894288,"orthographic":false}