{"cameraMode":{"drawMode":0,"name":"Shaded","section":"Shading Mode"},"sceneLighting":false,"audioPlay":false,"sceneViewState":{"showFog":true,"showMaterialUpdate":false,"showSkybox":false,"showFlares":true,"showImageEffects":true,"showParticleSystems":true},"in2DMode":false,"pivot":{"x":0.052961356937885287,"y":0.007368238642811775,"z":0.012197591364383698},"rotation":{"x":-0.08622437715530396,"y":0.9012582302093506,"z":-0.21084268391132356,"w":-0.3685706853866577},"size":0.39821285009384158,"orthographic":false}