{"cameraMode":{"drawMode":0,"name":"Shaded","section":"Shading Mode"},"sceneLighting":true,"audioPlay":false,"sceneViewState":{"showFog":true,"showMaterialUpdate":false,"showSkybox":true,"showFlares":true,"showImageEffects":true,"showParticleSystems":true},"in2DMode":false,"pivot":{"x":7.914659023284912,"y":-12.991677284240723,"z":-12.630355834960938},"rotation":{"x":0.005690084770321846,"y":0.9833698272705078,"z":-0.179265558719635,"w":0.032413553446531299},"size":53.07050704956055,"orthographic":false}