{"cameraMode":{"drawMode":0,"name":"Shaded","section":"Shading Mode"},"sceneLighting":true,"audioPlay":false,"sceneViewState":{"showFog":true,"showMaterialUpdate":false,"showSkybox":true,"showFlares":true,"showImageEffects":true,"showParticleSystems":true},"in2DMode":false,"pivot":{"x":2.955103635787964,"y":-8.575089454650879,"z":22.953670501708986},"rotation":{"x":0.03509747236967087,"y":0.960008978843689,"z":-0.23951390385627747,"w":0.14067523181438447},"size":24.981399536132814,"orthographic":false}