{"cameraMode":{"drawMode":0,"name":"Shaded","section":"Shading Mode"},"sceneLighting":true,"audioPlay":false,"sceneViewState":{"showFog":true,"showMaterialUpdate":false,"showSkybox":true,"showFlares":true,"showImageEffects":true,"showParticleSystems":true},"in2DMode":false,"pivot":{"x":-7.03000020980835,"y":-10.029999732971192,"z":20.200000762939454},"rotation":{"x":0.23059991002082826,"y":-0.3921964466571808,"z":0.10223821550607681,"w":0.8846341967582703},"size":0.2819530665874481,"orthographic":false}