{"cameraMode":{"drawMode":0,"name":"Shaded","section":"Shading Mode"},"sceneLighting":true,"audioPlay":false,"sceneViewState":{"showFog":false,"showMaterialUpdate":false,"showSkybox":false,"showFlares":false,"showImageEffects":false,"showParticleSystems":false},"in2DMode":false,"pivot":{"x":-12.859688758850098,"y":-39.2369384765625,"z":140.80780029296876},"rotation":{"x":-0.1509830355644226,"y":0.05185948684811592,"z":-0.007947788573801518,"w":-0.9871805906295776},"size":143.90774536132813,"orthographic":false}