{"cameraMode":{"drawMode":0,"name":"Shaded","section":"Shading Mode"},"sceneLighting":true,"audioPlay":false,"sceneViewState":{"showFog":true,"showMaterialUpdate":false,"showSkybox":true,"showFlares":true,"showImageEffects":true,"showParticleSystems":true},"in2DMode":false,"pivot":{"x":-59.536766052246097,"y":27.38418197631836,"z":63.15462112426758},"rotation":{"x":0.09279833734035492,"y":-0.7673845887184143,"z":0.1141040176153183,"w":0.6241049766540527},"size":629.173828125,"orthographic":false}