{"cameraMode":{"drawMode":0,"name":"Shaded","section":"Shading Mode"},"sceneLighting":true,"audioPlay":false,"sceneViewState":{"showFog":false,"showMaterialUpdate":false,"showSkybox":false,"showFlares":false,"showImageEffects":false,"showParticleSystems":false},"in2DMode":false,"pivot":{"x":7.181166172027588,"y":-9.736924171447754,"z":18.953632354736329},"rotation":{"x":-0.35028257966041567,"y":-0.32795682549476626,"z":0.13246914744377137,"w":-0.8673257827758789},"size":19.72461700439453,"orthographic":false}