{"cameraMode":{"drawMode":0,"name":"Shaded","section":"Shading Mode"},"sceneLighting":false,"audioPlay":false,"sceneViewState":{"showFog":true,"showMaterialUpdate":true,"showSkybox":false,"showFlares":true,"showImageEffects":true,"showParticleSystems":true},"in2DMode":false,"pivot":{"x":67.69999694824219,"y":11.000001907348633,"z":82.80000305175781},"rotation":{"x":0.298711359500885,"y":0.018131107091903688,"z":-0.005676227621734142,"w":0.9541559219360352},"size":94.10428619384766,"orthographic":true}