{"cameraMode":{"drawMode":0,"name":"Shaded","section":"Shading Mode"},"sceneLighting":true,"audioPlay":false,"sceneViewState":{"showFog":true,"showMaterialUpdate":true,"showSkybox":true,"showFlares":true,"showImageEffects":true,"showParticleSystems":true},"in2DMode":false,"pivot":{"x":-53.0,"y":36.599998474121097,"z":120.30000305175781},"rotation":{"x":0.03919433802366257,"y":-0.12479005008935929,"z":0.004840883892029524,"w":0.9914981722831726},"size":189.89781188964845,"orthographic":true}