{"cameraMode":{"drawMode":0,"name":"Shaded","section":"Shading Mode"},"sceneLighting":false,"audioPlay":false,"sceneViewState":{"showFog":true,"showMaterialUpdate":true,"showSkybox":false,"showFlares":true,"showImageEffects":true,"showParticleSystems":true},"in2DMode":false,"pivot":{"x":68.0,"y":36.099998474121097,"z":82.69999694824219},"rotation":{"x":0.11751504987478256,"y":-0.10851522535085678,"z":0.012919794768095017,"w":0.9870419502258301},"size":56.80833053588867,"orthographic":false}