{"cameraMode":{"drawMode":0,"name":"Shaded","section":"Shading Mode"},"sceneLighting":true,"audioPlay":false,"sceneViewState":{"showFog":true,"showMaterialUpdate":true,"showSkybox":true,"showFlares":true,"showImageEffects":true,"showParticleSystems":true},"in2DMode":false,"pivot":{"x":122.30000305175781,"y":0.0,"z":83.9000015258789},"rotation":{"x":0.005941650364547968,"y":0.1390458345413208,"z":-0.0008342393557541072,"w":0.9902707934379578},"size":274.3668518066406,"orthographic":false}