{"cameraMode":{"drawMode":0,"name":"Shaded","section":"Shading Mode"},"sceneLighting":false,"audioPlay":false,"sceneViewState":{"showFog":true,"showMaterialUpdate":true,"showSkybox":false,"showFlares":true,"showImageEffects":true,"showParticleSystems":true},"in2DMode":false,"pivot":{"x":67.80000305175781,"y":22.500001907348634,"z":82.29999542236328},"rotation":{"x":-0.21514107286930085,"y":-0.11937981098890305,"z":0.026503700762987138,"w":-0.9689059853553772},"size":75.56570434570313,"orthographic":false}